{
  "mappings": {
    "_default_": {
      "_all": {
        "norms": {
          "enabled": false
        }
      },
      "_meta": {
        "version": "5.4.1"
      },
      "date_detection": false,
      "dynamic_templates": [
        {
          "strings_as_keyword": {
            "mapping": {
              "ignore_above": 1024,
              "index": "not_analyzed",
              "type": "string"
            },
            "match_mapping_type": "string"
          }
        }
      ],
      "properties": {
        "@timestamp": {
          "type": "date"
        },
        "activity_id": {
          "ignore_above": 1024,
          "index": "not_analyzed",
          "type": "string"
        },
        "beat": {
          "properties": {
            "hostname": {
              "ignore_above": 1024,
              "index": "not_analyzed",
              "type": "string"
            },
            "name": {
              "ignore_above": 1024,
              "index": "not_analyzed",
              "type": "string"
            },
            "version": {
              "ignore_above": 1024,
              "index": "not_analyzed",
              "type": "string"
            }
          }
        },
        "computer_name": {
          "ignore_above": 1024,
          "index": "not_analyzed",
          "type": "string"
        },
        "event_data": {
          "properties": {}
        },
        "event_id": {
          "type": "long"
        },
        "fields": {
          "properties": {}
        },
        "keywords": {
          "ignore_above": 1024,
          "index": "not_analyzed",
          "type": "string"
        },
        "level": {
          "ignore_above": 1024,
          "index": "not_analyzed",
          "type": "string"
        },
        "log_name": {
          "ignore_above": 1024,
          "index": "not_analyzed",
          "type": "string"
        },
        "message": {
          "index": "analyzed",
          "norms": {
            "enabled": false
          },
          "type": "string"
        },
        "message_error": {
          "ignore_above": 1024,
          "index": "not_analyzed",
          "type": "string"
        },
        "meta": {
          "properties": {
            "cloud": {
              "properties": {
                "availability_zone": {
                  "ignore_above": 1024,
                  "index": "not_analyzed",
                  "type": "string"
                },
                "instance_id": {
                  "ignore_above": 1024,
                  "index": "not_analyzed",
                  "type": "string"
                },
                "machine_type": {
                  "ignore_above": 1024,
                  "index": "not_analyzed",
                  "type": "string"
                },
                "project_id": {
                  "ignore_above": 1024,
                  "index": "not_analyzed",
                  "type": "string"
                },
                "provider": {
                  "ignore_above": 1024,
                  "index": "not_analyzed",
                  "type": "string"
                },
                "region": {
                  "ignore_above": 1024,
                  "index": "not_analyzed",
                  "type": "string"
                }
              }
            }
          }
        },
        "opcode": {
          "ignore_above": 1024,
          "index": "not_analyzed",
          "type": "string"
        },
        "process_id": {
          "type": "long"
        },
        "provider_guid": {
          "ignore_above": 1024,
          "index": "not_analyzed",
          "type": "string"
        },
        "record_number": {
          "ignore_above": 1024,
          "index": "not_analyzed",
          "type": "string"
        },
        "related_activity_id": {
          "ignore_above": 1024,
          "index": "not_analyzed",
          "type": "string"
        },
        "source_name": {
          "ignore_above": 1024,
          "index": "not_analyzed",
          "type": "string"
        },
        "tags": {
          "ignore_above": 1024,
          "index": "not_analyzed",
          "type": "string"
        },
        "task": {
          "ignore_above": 1024,
          "index": "not_analyzed",
          "type": "string"
        },
        "thread_id": {
          "type": "long"
        },
        "type": {
          "ignore_above": 1024,
          "index": "not_analyzed",
          "type": "string"
        },
        "user": {
          "properties": {
            "domain": {
              "ignore_above": 1024,
              "index": "not_analyzed",
              "type": "string"
            },
            "identifier": {
              "ignore_above": 1024,
              "index": "not_analyzed",
              "type": "string"
            },
            "name": {
              "ignore_above": 1024,
              "index": "not_analyzed",
              "type": "string"
            },
            "type": {
              "ignore_above": 1024,
              "index": "not_analyzed",
              "type": "string"
            }
          }
        },
        "user_data": {
          "properties": {}
        },
        "version": {
          "type": "long"
        },
        "xml": {
          "index": "analyzed",
          "norms": {
            "enabled": false
          },
          "type": "string"
        }
      }
    }
  },
  "order": 0,
  "settings": {
    "index.refresh_interval": "5s"
  },
  "template": "winlogbeat-*"
}