<?xml version="1.0"?>
<ruleset name="Basic">
 <description>Azure SDK for PHP rules</description>

 <rule ref="Generic.CodeAnalysis.ForLoopShouldBeWhileLoop"/>
 <rule ref="Generic.CodeAnalysis.ForLoopWithTestFunctionCall"/>
 <rule ref="Generic.CodeAnalysis.JumbledIncrementer"/>
 <rule ref="Generic.CodeAnalysis.UnconditionalIfStatement"/>
 <rule ref="Generic.CodeAnalysis.UnnecessaryFinalModifier"/>

 <rule ref="Generic.Files.LineLength"/>
 
 <rule ref="Generic.Formatting.DisallowMultipleStatements"/>
 <rule ref="Generic.Formatting.MultipleStatementAlignment"/>

 <rule ref="Generic.Metrics.CyclomaticComplexity"/>
 <rule ref="Generic.Metrics.NestingLevel"/>
 
 <rule ref="Generic.NamingConventions.ConstructorName"/>
 <rule ref="Generic.NamingConventions.UpperCaseConstantName"/>

 <rule ref="Generic.PHP.DisallowShortOpenTag"/>
 <rule ref="Generic.PHP.NoSilencedErrors"/>

 <rule ref="Generic.WhiteSpace.DisallowTabIndent"/>
<!--
 <rule ref="PEAR"/>
--> 
 </ruleset>
